{"positive": 26, "compound": -0.0680642335766423, "neg": 0.09747445255474455, "neu": 0.8232773722627736, "pos": 0.07923357664233577, "negative": 111}