{"positive": 121, "compound": -0.07454372623574146, "neg": 0.09453612167300376, "neu": 0.8377870722433465, "pos": 0.06766757197175428, "negative": 1720}